"Product ID","Product Description"
"39","<br><br>*Administered by our partner, <a href=""http://www.soldiersangels.org"" target=""_blank"">Soldiers' Angels</a><br><b>*Discounts and Promos cannot apply due to donation.<br>*Price Includes Shipping (unless overnight service or Saturday delivery).</b>"
"580","<h2>Product Specifications</h2>

<p><strong>Shipping:</strong> Available for nationwide delivery</p>

<p><strong>Certification:</strong> Kosher Product</p>

<p><strong>Additional Shipping Details:</strong></p>
<ul>
<li>Ships Monday through Friday, Saturday delivery available to most locations</li>
</ul>

<h2>Allergen Information</h2>

<p><strong>Contains:</strong> Milk, wheat, soy, and eggs (unless specifically noted otherwise on individual product labels)</p>

<p><strong>Cross-Contamination Warning:</strong> This product is manufactured on shared equipment that also processes tree nuts including peanuts, almonds, hazelnuts, pecans, and walnuts.</p>

<p><strong>Important Note:</strong> Our production facility is not certified gluten-free.</p>

<p>For complete allergen details, please refer to the product label or contact our customer service team.</p>"